Workbook

Sheet KEJELASAN
B1: KEJELASAN = BAHASA YANG DIGUNAKAN DALAM MENULIS AITEM MUDAH/ JELAS DAN DAPAT DIPAHAMI DENGAN BAIK / TIDAK MEMUAT MAKNA GANDA
B2: Penilai | C2: NOMER SOAL / AITEM
C3: 1 | D3: 2 | E3: 3 | F3: 4 | G3: 5 | H3: 6 | I3: 7 | J3: 8 | K3: 9 | L3: 10 | M3: 11 | N3: 12 | O3: 13 | P3: 14 | Q3: 15 | R3: 16 | S3: 17 | T3: 18 | U3: 19 | V3: 20 | W3: 21 | X3: 22 | Y3: 23 | Z3: 24 | AA3: 25 | AB3: 26 | AC3: 27 | AD3: 28 | AE3: 29 | AF3: 30 | AG3: 31 | AH3: 32 | AI3: 33 | AJ3: 34 | AK3: 35 | AL3: 36
B4: 1
B5: 2
B6: 3
B7: 4
B8: 5
B9: 6
B10: 7
B11: 8
B12: 9
B13: 10
B14: 11
B15: 12
... B33: 30
B34: ΣS | C34: =SUM(C4:C33) - (COUNT(C4:C33) * 1) -> 0 | D34: =SUM(D4:D33) - (COUNT(D4:D33) * 1) -> 0 | E34: =SUM(E4:E33) - (COUNT(E4:E33) * 1) -> 0 | F34: =SUM(F4:F33) - (COUNT(F4:F33) * 1) -> 0 | G34: =SUM(G4:G33) - (COUNT(G4:G33) * 1) -> 0 | H34: =SUM(H4:H33) - (COUNT(H4:H33) * 1) -> 0 | I34: =SUM(I4:I33) - (COUNT(I4:I33) * 1) -> 0 | J34: =SUM(J4:J33) - (COUNT(J4:J33) * 1) -> 0 | ... AL34: =SUM(AL4:AL33) - (COUNT(AL4:AL33) * 1) -> 0
B35: V | C35: =C34/(30*(MAX(C4:C33)-1)) -> 0 | D35: =D34/(30*(MAX(D4:D33)-1)) -> 0 | E35: =E34/(30*(MAX(E4:E33)-1)) -> 0 | F35: =F34/(30*(MAX(F4:F33)-1)) -> 0 | G35: =G34/(30*(MAX(G4:G33)-1)) -> 0 | H35: =H34/(30*(MAX(H4:H33)-1)) -> 0 | I35: =I34/(30*(MAX(I4:I33)-1)) -> 0 | J35: =J34/(30*(MAX(J4:J33)-1)) -> 0 | ... AL35: =AL34/(30*(MAX(AL4:AL33)-1)) -> 0
C36: Mean V total | F36: =AVERAGE(C35:AL35) -> 0 | H36: cek pada tabel Aiken Indeks, untuk 4 kemungkinan jawaban dan 10 rater / penilai, ternyata pada taraf signifikansi p = 0,032 ;
H37: Indeks yang wajib dicapai minimal 0,73 ; Artinya, Rata-Rata Aiken Indeks Kejelasan Aitem tes ini adalah masih
H38: diatas batas yang dipersyaratkan (KEJELASANNYA BAIK)
B39: V = Σs/[n(c-1)] | F39: (Rumus Aiken's)
B40: Keterangan :
B41: s = r - lo | F41: r = Angka yang diberikan expert
B42: lo = Angka penilaian terendah | F42: c = Angka penilaian tertinggi

Sheet RELEVANSI
B1: RELEVAN = AITEM YANG DIKONSTRUKSI RELEVAN UNTUK MENGUKUR VARIABEL YANG DIUKUR / DAPAT MENGGAMBARKAN VARIABEL DENGAN BAIK
B2: Penilai | C2: NOMER SOAL / AITEM
C3: 1 | D3: 2 | E3: 3 | F3: 4 | G3: 5 | H3: 6 | I3: 7 | J3: 8 | K3: 9 | L3: 10 | M3: 11 | N3: 12 | O3: 13 | P3: 14 | Q3: 15 | R3: 16 | S3: 17 | T3: 18 | U3: 19 | V3: 20 | W3: 21 | X3: 22 | Y3: 23 | Z3: 24 | AA3: 25 | AB3: 26 | AC3: 27 | AD3: 28 | AE3: 29 | AF3: 30 | AG3: 31 | AH3: 32 | AI3: 33 | AJ3: 34 | AK3: 35 | AL3: 36
B4: 1
B5: 2
B6: 3
B7: 4
B8: 5
B9: 6
B10: 7
B11: 8
B12: 9
B13: 10
B14: 11
B15: 12
... B33: 30
B34: ΣS | C34: =SUM(C4:C33) - (COUNT(C4:C33) * 1) -> 0 | D34: =SUM(D4:D33) - (COUNT(D4:D33) * 1) -> 0 | E34: =SUM(E4:E33) - (COUNT(E4:E33) * 1) -> 0 | F34: =SUM(F4:F33) - (COUNT(F4:F33) * 1) -> 0 | G34: =SUM(G4:G33) - (COUNT(G4:G33) * 1) -> 0 | H34: =SUM(H4:H33) - (COUNT(H4:H33) * 1) -> 0 | I34: =SUM(I4:I33) - (COUNT(I4:I33) * 1) -> 0 | J34: =SUM(J4:J33) - (COUNT(J4:J33) * 1) -> 0 | ... AL34: =SUM(AL4:AL33) - (COUNT(AL4:AL33) * 1) -> 0
B35: V | C35: =C34/(30*(MAX(C4:C33)-1)) -> 0 | D35: =D34/(30*(MAX(D4:D33)-1)) -> 0 | E35: =E34/(30*(MAX(E4:E33)-1)) -> 0 | F35: =F34/(30*(MAX(F4:F33)-1)) -> 0 | G35: =G34/(30*(MAX(G4:G33)-1)) -> 0 | H35: =H34/(30*(MAX(H4:H33)-1)) -> 0 | I35: =I34/(30*(MAX(I4:I33)-1)) -> 0 | J35: =J34/(30*(MAX(J4:J33)-1)) -> 0 | ... AL35: =AL34/(30*(MAX(AL4:AL33)-1)) -> 0
C36: Mean V total | F36: =AVERAGE(C35:AA35) -> 0 | H36: cek pada tabel Aiken Indeks, untuk 4 kemungkinan jawaban dan 10 rater / penilai, ternyata pada taraf signifikansi p = 0,032 ;
H37: Indeks yang wajib dicapai minimal 0,73 ; Artinya, Rata-Rata Aiken Indeks Relevansi Aitem tes ini adalah masih
H38: diatas batas yang dipersyaratkan (RELEVAN)
B39: V = Σs/[n(c-1)] | F39: (Rumus Aiken's)
B40: Keterangan :
B41: s = r - lo | F41: r = Angka yang diberikan expert
B42: lo = Angka penilaian terendah | F42: c = Angka penilaian tertinggi

Sheet KESESUAIAN
B1: KESESUAIAN = AITEM YANG DIKONSTRUKSI SESUAI DENGAN INDIKATORNYA / TIDAK MENYIMPANG DARI INDIKATOR YANG DIUKUR
B2: Penilai | C2: NOMER SOAL / AITEM
C3: 1 | D3: 2 | E3: 3 | F3: 4 | G3: 5 | H3: 6 | I3: 7 | J3: 8 | K3: 9 | L3: 10 | M3: 11 | N3: 12 | O3: 13 | P3: 14 | Q3: 15 | R3: 16 | S3: 17 | T3: 18 | U3: 19 | V3: 20 | W3: 21 | X3: 22 | Y3: 23 | Z3: 24 | AA3: 25 | AB3: 26 | AC3: 27 | AD3: 28 | AE3: 29 | AF3: 30 | AG3: 31 | AH3: 32 | AI3: 33 | AJ3: 34 | AK3: 35 | AL3: 36
B4: 1
B5: 2
B6: 3
B7: 4
B8: 5
B9: 6
B10: 7
B11: 8
B12: 9
B13: 10
B14: 11
B15: 12
... B33: 30
B34: ΣS | C34: =SUM(C4:C33) - (COUNT(C4:C33) * 1) -> 0 | D34: =SUM(D4:D33) - (COUNT(D4:D33) * 1) -> 0 | E34: =SUM(E4:E33) - (COUNT(E4:E33) * 1) -> 0 | F34: =SUM(F4:F33) - (COUNT(F4:F33) * 1) -> 0 | G34: =SUM(G4:G33) - (COUNT(G4:G33) * 1) -> 0 | H34: =SUM(H4:H33) - (COUNT(H4:H33) * 1) -> 0 | I34: =SUM(I4:I33) - (COUNT(I4:I33) * 1) -> 0 | J34: =SUM(J4:J33) - (COUNT(J4:J33) * 1) -> 0 | ... AL34: =SUM(AL4:AL33) - (COUNT(AL4:AL33) * 1) -> 0
B35: V | C35: =C34/(30*(MAX(C4:C33)-1)) -> 0 | D35: =D34/(30*(MAX(D4:D33)-1)) -> 0 | E35: =E34/(30*(MAX(E4:E33)-1)) -> 0 | F35: =F34/(30*(MAX(F4:F33)-1)) -> 0 | G35: =G34/(30*(MAX(G4:G33)-1)) -> 0 | H35: =H34/(30*(MAX(H4:H33)-1)) -> 0 | I35: =I34/(30*(MAX(I4:I33)-1)) -> 0 | J35: =J34/(30*(MAX(J4:J33)-1)) -> 0 | ... AL35: =AL34/(30*(MAX(AL4:AL33)-1)) -> 0
C36: Mean V total | F36: =AVERAGE(C35:AL35) -> 0 | H36: cek pada tabel Aiken Indeks, untuk 4 kemungkinan jawaban dan 10 rater / penilai, ternyata pada taraf signifikansi p = 0,032 ;
H37: Indeks yang wajib dicapai minimal 0,73 ; Artinya, Rata-Rata Aiken Indeks Kesesuaian Aitem tes ini adalah masih
H38: diatas batas yang dipersyaratkan (TINGKAT KESESUAIAN YANG CUKUP)
B39: V = Σs/[n(c-1)] | F39: (Rumus Aiken's)
B40: Keterangan :
B41: s = r - lo | F41: r = Angka yang diberikan expert
B42: lo = Angka penilaian terendah | F42: c = Angka penilaian tertinggi

Sheet Aiken Indeks
L2: CARA MELAPORKAN
M4: Kejelasan | N4: Relevansi | O4: Kesesuaian
L5: CVI | M5: =MIN(KEJELASAN!$C$35:$AL$35) & " s/d " & MAX(KEJELASAN!$C$35:$AL$35) -> 0 s/d 0 | N5: =MIN(RELEVANSI!$C$35:$AL$35) & " s/d " & MAX(RELEVANSI!$C$35:$AL$35) -> 0 s/d 0 | O5: =MIN(KESESUAIAN!$C$35:$AL$35) & " s/d " & MAX(KESESUAIAN!$C$35:$AL$35) -> 0 s/d 0
L6: CVR | M6: =KEJELASAN!F36 -> 0 | N6: =RELEVANSI!F36 -> 0 | O6: =KESESUAIAN!F36 -> 0
L7: Standard CVR | M7: 0.73 | N7: 0.73 | O7: 0.73
L8: p | M8: 0.032 | N8: 0.032 | O8: 0.032
L10: atau
M12: CVI | N12: CVR | O12: Standard | P12: p
L13: Kejelasan | M13: =MIN(KEJELASAN!$C$35:$AL$35) & " s/d " & MAX(KEJELASAN!$C$35:$AL$35) -> 0 s/d 0 | N13: =KEJELASAN!G43 -> 0 | O13: 0.73 | P13: 0.032
L14: Relevansi | M14: =MIN(RELEVANSI!$C$35:$AL$35) & " s/d " & MAX(RELEVANSI!$C$35:$AL$35) -> 0 s/d 0 | N14: =RELEVANSI!F44 -> 0 | O14: 0.73 | P14: 0.032
L15: Kesesuaian | M15: =MIN(KESESUAIAN!$C$35:$AL$35) & " s/d " & MAX(KESESUAIAN!$C$35:$AL$35) -> 0 s/d 0 | N15: =KESESUAIAN!E45 -> 0 | O15: 0.73 | P15: 0.032
